kind,run,duration_ms,ops,reads,writes,commits,commit_every,ops_per_sec,redirects,failures,redirect_ratio,failure_ratio
run,1,2686,1000,0,1000,100,10,372.1961443696707,0,0,0,0
run,2,2376,1000,0,1000,100,10,420.80807528945917,0,0,0,0
run,3,2288,1000,0,1000,100,10,436.90872146026766,0,0,0,0
run,4,2253,1000,0,1000,100,10,443.7278874086704,0,0,0,0
run,5,2189,1000,0,1000,100,10,456.81532671408416,0,0,0,0
run,6,2306,1000,0,1000,100,10,433.62631095564956,0,0,0,0
run,7,2470,1000,0,1000,100,10,404.74224884969493,0,0,0,0
trimmed_mean,,2338.60,1000,,,,427.963
trimmed_durations,,"2253;2288;2306;2376;2470",,,,,
