kind,run,duration_ms,ops,reads,writes,commits,commit_every,ops_per_sec,redirects,failures,redirect_ratio,failure_ratio
run,1,1228,1000,1000,0,100,10,813.6774995609721,0,0,0,0
run,2,1335,1000,1000,0,100,10,748.974474564934,0,0,0,0
run,3,1361,1000,1000,0,100,10,734.2846608893316,0,0,0,0
run,4,1375,1000,1000,0,100,10,727.1109173312043,0,0,0,0
run,5,1292,1000,1000,0,100,10,773.6487241917874,0,0,0,0
run,6,1260,1000,1000,0,100,10,793.0561777521857,0,0,0,0
run,7,1331,1000,1000,0,100,10,751.2042440678003,3,0,0.003,0
trimmed_mean,,1315.80,1000,,,,760.234
trimmed_durations,,"1260;1292;1331;1335;1361",,,,,
