kind,run,duration_ms,ops,reads,writes,commits,commit_every,ops_per_sec,redirects,failures,redirect_ratio,failure_ratio
run,1,1279,1000,1000,0,100,10,781.5990645847406,0,0,0,0
run,2,1396,1000,1000,0,100,10,716.0698688561715,0,0,0,0
run,3,1408,1000,1000,0,100,10,710.1605342814379,0,0,0,0
run,4,1345,1000,1000,0,100,10,743.2729704456962,0,0,0,0
run,5,1335,1000,1000,0,100,10,749.0424548364778,0,0,0,0
run,6,1330,1000,1000,0,100,10,751.4194215187965,0,0,0,0
run,7,1295,1000,1000,0,100,10,771.8529204404829,0,0,0,0
trimmed_mean,,1340.20,1000,,,,746.332
trimmed_durations,,"1295;1330;1335;1345;1396",,,,,
