kind,run,duration_ms,ops,reads,writes,commits,commit_every,ops_per_sec,redirects,failures,redirect_ratio,failure_ratio
run,1,2682,1000,0,1000,100,10,372.71829824667014,0,0,0,0
run,2,2524,1000,0,1000,100,10,396.1077903476124,0,0,0,0
run,3,2321,1000,0,1000,100,10,430.7048719317261,0,0,0,0
run,4,2378,1000,0,1000,100,10,420.37399661377395,0,0,0,0
run,5,2235,1000,0,1000,100,10,447.31307012133584,0,0,0,0
run,6,2437,1000,0,1000,100,10,410.2373530272993,0,0,0,0
run,7,2333,1000,0,1000,100,10,428.62527578511055,0,0,0,0
trimmed_mean,,2398.60,1000,,,,417.210
trimmed_durations,,"2321;2333;2378;2437;2524",,,,,
