kind,run,duration_ms,ops,reads,writes,commits,commit_every,ops_per_sec,redirects,failures,redirect_ratio,failure_ratio
run,1,2040,1000,200,800,100,10,490.02071298933015,0,0,0,0
run,2,1999,1000,200,800,100,10,500.11209412455287,0,0,0,0
run,3,1909,1000,200,800,100,10,523.7306664811375,0,0,0,0
run,4,2038,1000,200,800,100,10,490.5233385307045,0,0,0,0
run,5,2166,1000,200,800,100,10,461.5525621822605,0,0,0,0
run,6,2057,1000,200,800,100,10,486.13711613839143,0,0,0,0
run,7,2123,1000,200,800,100,10,470.94074541220783,0,0,0,0
trimmed_mean,,2051.40,1000,,,,487.547
trimmed_durations,,"1999;2038;2040;2057;2123",,,,,
