kind,run,duration_ms,ops,reads,writes,commits,commit_every,ops_per_sec
run,1,1824,1000,0,1000,100,10,547.9721885307915
run,2,1753,1000,0,1000,100,10,570.425367268772
run,3,1899,1000,0,1000,100,10,526.4395421105091
run,4,1973,1000,0,1000,100,10,506.82297583252097
run,5,2203,1000,0,1000,100,10,453.72885171353494
run,6,1956,1000,0,1000,100,10,511.02760809839947
run,7,1937,1000,0,1000,100,10,516.2176333215161
trimmed_mean,,1917.80,1000,,,,521.696
trimmed_durations,,"1824;1899;1937;1956;1973",,,,,
