kind,run,duration_ms,ops,reads,writes,commits,commit_every,ops_per_sec
run,1,1849,1000,400,600,100,10,540.5531696157282
run,2,1763,1000,400,600,100,10,567.1565727899144
run,3,1647,1000,400,600,100,10,607.0571964075833
run,4,1757,1000,400,600,100,10,569.089855692135
run,5,1845,1000,400,600,100,10,541.777722770002
run,6,1771,1000,400,600,100,10,564.5542412240403
run,7,1924,1000,400,600,100,10,519.7194373406983
trimmed_mean,,1797.00,1000,,,,556.626
trimmed_durations,,"1757;1763;1771;1845;1849",,,,,
