kind,run,duration_ms,ops,reads,writes,commits,commit_every,ops_per_sec,redirects,failures,redirect_ratio,failure_ratio
run,1,1801,1000,300,700,100,10,555.0622751037181,0,0,0,0
run,2,1867,1000,300,700,100,10,535.4814059982772,0,0,0,0
run,3,1991,1000,300,700,100,10,502.2543538507557,0,0,0,0
run,4,1862,1000,300,700,100,10,536.7723069689583,0,0,0,0
run,5,1857,1000,300,700,100,10,538.4551503124744,0,0,0,0
run,6,1749,1000,300,700,100,10,571.5388258403866,0,0,0,0
run,7,1741,1000,300,700,100,10,574.2598282523804,0,0,0,0
trimmed_mean,,1827.20,1000,,,,547.462
trimmed_durations,,"1749;1801;1857;1862;1867",,,,,
