kind,run,duration_ms,ops,reads,writes,commits,commit_every,ops_per_sec,redirects,failures,redirect_ratio,failure_ratio
run,1,1883,1000,400,600,100,10,531.0394589682477,0,0,0,0
run,2,1826,1000,400,600,100,10,547.6320937541062,0,0,0,0
run,3,1890,1000,400,600,100,10,529.0501503699403,0,0,0,0
run,4,1804,1000,400,600,100,10,554.1142904332813,0,0,0,0
run,5,1849,1000,400,600,100,10,540.590079046541,0,0,0,0
run,6,1880,1000,400,600,100,10,531.6749741537111,0,0,0,0
run,7,1855,1000,400,600,100,10,538.8463723025559,0,0,0,0
trimmed_mean,,1858.60,1000,,,,537.957
trimmed_durations,,"1826;1849;1855;1880;1883",,,,,
