kind,run,duration_ms,ops,reads,writes,commits,commit_every,ops_per_sec
run,1,1645,1000,800,200,100,10,607.7941085301471
run,2,1513,1000,800,200,100,10,660.8880737154664
run,3,1648,1000,800,200,100,10,606.6046999624177
run,4,1570,1000,800,200,100,10,636.8422070137836
run,5,1499,1000,800,200,100,10,666.9570370840738
run,6,1481,1000,800,200,100,10,674.8628790319614
run,7,1336,1000,800,200,100,10,748.3274764909668
trimmed_mean,,1541.60,1000,,,,649.469
trimmed_durations,,"1481;1499;1513;1570;1645",,,,,
