kind,run,duration_ms,ops,reads,writes,commits,commit_every,ops_per_sec,redirects,failures,redirect_ratio,failure_ratio
run,1,2184,1000,0,1000,100,10,457.69284346050887,0,0,0,0
run,2,2175,1000,0,1000,100,10,459.61640843833464,0,0,0,0
run,3,2175,1000,0,1000,100,10,459.73839383884973,0,0,0,0
run,4,2294,1000,0,1000,100,10,435.75580999659763,0,0,0,0
run,5,2284,1000,0,1000,100,10,437.6856646723435,0,0,0,0
run,6,2242,1000,0,1000,100,10,445.85469214912126,0,0,0,0
run,7,2253,1000,0,1000,100,10,443.68667807996815,0,0,0,0
trimmed_mean,,2227.60,1000,,,,448.932
trimmed_durations,,"2175;2184;2242;2253;2284",,,,,
