kind,run,duration_ms,ops,reads,writes,commits,commit_every,ops_per_sec
run,1,753,1000,1000,0,100,10,1327.5094449675178
run,2,979,1000,1000,0,100,10,1020.8754606737523
run,3,1078,1000,1000,0,100,10,927.4985856574067
run,4,1065,1000,1000,0,100,10,938.3936489870673
run,5,1046,1000,1000,0,100,10,955.6198684754
run,6,1050,1000,1000,0,100,10,951.7834571720364
run,7,1020,1000,1000,0,100,10,979.8802750923724
trimmed_mean,,1032.00,1000,,,,969.311
trimmed_durations,,"979;1020;1046;1050;1065",,,,,
