kind,run,duration_ms,ops,reads,writes,commits,commit_every,ops_per_sec
run,1,1978,1000,600,400,100,10,505.4008731848286
run,2,1789,1000,600,400,100,10,558.7587696483463
run,3,1876,1000,600,400,100,10,533.0416188448378
run,4,1578,1000,600,400,100,10,633.3403317651107
run,5,1751,1000,600,400,100,10,571.0662051208328
run,6,1986,1000,600,400,100,10,503.2894657242903
run,7,2570,1000,600,400,100,10,389.00784984503014
trimmed_mean,,1876.00,1000,,,,534.311
trimmed_durations,,"1751;1789;1876;1978;1986",,,,,
