kind,run,duration_ms,ops,reads,writes,commits,commit_every,ops_per_sec
run,1,2273,1000,200,800,100,10,439.8041124973373
run,2,1892,1000,200,800,100,10,528.3054520368759
run,3,1981,1000,200,800,100,10,504.67875230934754
run,4,1939,1000,200,800,100,10,515.7178873185605
run,5,1896,1000,200,800,100,10,527.2712860773277
run,6,1869,1000,200,800,100,10,534.9192035889243
run,7,2124,1000,200,800,100,10,470.63282493048285
trimmed_mean,,1966.40,1000,,,,509.321
trimmed_durations,,"1892;1896;1939;1981;2124",,,,,
