kind,run,duration_ms,ops,reads,writes,commits,commit_every,ops_per_sec
run,1,2443,1000,100,900,100,10,409.19758334830897
run,2,2496,1000,100,900,100,10,400.53667877546184
run,3,2965,1000,100,900,100,10,337.25515140262974
run,4,2387,1000,100,900,100,10,418.9245286636874
run,5,2523,1000,100,900,100,10,396.2580997349865
run,6,2453,1000,100,900,100,10,407.5247737875827
run,7,2903,1000,100,900,100,10,344.3926169066705
trimmed_mean,,2563.60,1000,,,,391.582
trimmed_durations,,"2443;2453;2496;2523;2903",,,,,
