kind,run,duration_ms,ops,reads,writes,commits,commit_every,ops_per_sec
run,1,1293,1000,900,100,100,10,773.1460241119953
run,2,1212,1000,900,100,100,10,824.4311600187492
run,3,1220,1000,900,100,100,10,819.6168862821371
run,4,1253,1000,900,100,100,10,797.9606736109828
run,5,1299,1000,900,100,100,10,769.2348301989535
run,6,1349,1000,900,100,100,10,741.2094200850729
run,7,1275,1000,900,100,100,10,783.8404106818332
trimmed_mean,,1268.00,1000,,,,788.760
trimmed_durations,,"1220;1253;1275;1293;1299",,,,,
