kind,run,duration_ms,ops,reads,writes,commits,commit_every,ops_per_sec,redirects,failures,redirect_ratio,failure_ratio
run,1,3052,1000,100,900,100,10,327.6357828903819,0,0,0,0
run,2,2496,1000,100,900,100,10,400.4897348673852,0,0,0,0
run,3,2490,1000,100,900,100,10,401.4705545235755,0,0,0,0
run,4,2540,1000,100,900,100,10,393.6453171971567,0,0,0,0
run,5,2282,1000,100,900,100,10,438.1599334609975,0,0,0,0
run,6,2309,1000,100,900,100,10,432.9259208049254,0,0,0,0
run,7,2177,1000,100,900,100,10,459.27401918315377,0,0,0,0
trimmed_mean,,2423.40,1000,,,,413.338
trimmed_durations,,"2282;2309;2490;2496;2540",,,,,
