kind,run,duration_ms,ops,reads,writes,commits,commit_every,ops_per_sec
run,1,1623,1000,700,300,100,10,616.0513091442392
run,2,1754,1000,700,300,100,10,569.9500808594735
run,3,1732,1000,700,300,100,10,577.3510193802263
run,4,1694,1000,700,300,100,10,590.270069629497
run,5,1914,1000,700,300,100,10,522.2718263526399
run,6,1778,1000,700,300,100,10,562.2168858132147
run,7,1735,1000,700,300,100,10,576.1370640952952
trimmed_mean,,1738.60,1000,,,,575.185
trimmed_durations,,"1694;1732;1735;1754;1778",,,,,
