kind,run,duration_ms,ops,reads,writes,commits,commit_every,ops_per_sec,redirects,failures,redirect_ratio,failure_ratio
run,1,1663,1000,700,300,100,10,601.2283508853693,0,0,0,0
run,2,1630,1000,700,300,100,10,613.1682438663013,0,0,0,0
run,3,1759,1000,700,300,100,10,568.3612789014963,0,0,0,0
run,4,1674,1000,700,300,100,10,597.0407164627588,0,0,0,0
run,5,1553,1000,700,300,100,10,643.6386377193339,0,0,0,0
run,6,1589,1000,700,300,100,10,629.083545642844,0,0,0,0
run,7,1779,1000,700,300,100,10,562.0668631604083,0,0,0,0
trimmed_mean,,1663.00,1000,,,,601.776
trimmed_durations,,"1589;1630;1663;1674;1759",,,,,
