kind,run,duration_ms,ops,reads,writes,commits,commit_every,ops_per_sec,redirects,failures,redirect_ratio,failure_ratio
run,1,1801,1000,500,500,100,10,554.946213822158,0,0,0,0
run,2,1738,1000,500,500,100,10,575.2823514113383,0,0,0,0
run,3,1928,1000,500,500,100,10,518.4121208436653,0,0,0,0
run,4,1696,1000,500,500,100,10,589.4799658083228,0,0,0,0
run,5,1909,1000,500,500,100,10,523.8105189996232,0,0,0,0
run,6,1939,1000,500,500,100,10,515.5970829637181,0,0,0,0
run,7,1735,1000,500,500,100,10,576.0979254387634,0,0,0,0
trimmed_mean,,1822.20,1000,,,,549.710
trimmed_durations,,"1735;1738;1801;1909;1928",,,,,
