kind,run,duration_ms,ops,reads,writes,commits,commit_every,ops_per_sec,redirects,failures,redirect_ratio,failure_ratio
run,1,1052,1000,900,100,100,10,950.516226931198,0,0,0,0
run,2,1204,1000,900,100,100,10,830.302923475753,0,0,0,0
run,3,1254,1000,900,100,100,10,797.3015927165308,0,0,0,0
run,4,1239,1000,900,100,100,10,806.5652228185064,0,0,0,0
run,5,1251,1000,900,100,100,10,798.9068008595959,0,0,0,0
run,6,1206,1000,900,100,100,10,828.9296219213118,0,0,0,0
run,7,1200,1000,900,100,100,10,832.7990081017368,0,0,0,0
trimmed_mean,,1220.00,1000,,,,819.501
trimmed_durations,,"1200;1204;1206;1239;1251",,,,,
