kind,run,duration_ms,ops,reads,writes,commits,commit_every,ops_per_sec,redirects,failures,redirect_ratio,failure_ratio
run,1,1446,1000,800,200,100,10,691.5160062184577,0,0,0,0
run,2,1459,1000,800,200,100,10,685.2011518058691,0,0,0,0
run,3,1539,1000,800,200,100,10,649.4203730617284,0,0,0,0
run,4,1444,1000,800,200,100,10,692.1867413535975,0,0,0,0
run,5,1472,1000,800,200,100,10,679.3281348010491,0,0,0,0
run,6,1519,1000,800,200,100,10,658.1759416471531,0,0,0,0
run,7,1523,1000,800,200,100,10,656.2797821200738,0,0,0,0
trimmed_mean,,1483.80,1000,,,,674.100
trimmed_durations,,"1446;1459;1472;1519;1523",,,,,
