kind,run,duration_ms,ops,reads,writes,commits,commit_every,ops_per_sec
run,1,1977,1000,300,700,100,10,505.79652017618577
run,2,2079,1000,300,700,100,10,480.96965336737844
run,3,2374,1000,300,700,100,10,421.10811057779335
run,4,1909,1000,300,700,100,10,523.786983684255
run,5,1973,1000,300,700,100,10,506.7922668861935
run,6,1950,1000,300,700,100,10,512.5745558913089
run,7,2023,1000,300,700,100,10,494.1366955284861
trimmed_mean,,2000.40,1000,,,,500.054
trimmed_durations,,"1950;1973;1977;2023;2079",,,,,
