kind,run,duration_ms,ops,reads,writes,commits,commit_every,ops_per_sec,redirects,failures,redirect_ratio,failure_ratio
run,1,1652,1000,600,400,100,10,605.0572030306868,0,0,0,0
run,2,1685,1000,600,400,100,10,593.2048971055052,0,0,0,0
run,3,1842,1000,600,400,100,10,542.8431942220908,0,0,0,0
run,4,1695,1000,600,400,100,10,589.9015880925292,0,0,0,0
run,5,1816,1000,600,400,100,10,550.4389521110041,0,0,0,0
run,6,1733,1000,600,400,100,10,576.9721791417771,0,0,0,0
run,7,1829,1000,600,400,100,10,546.589438746064,0,0,0,0
trimmed_mean,,1751.60,1000,,,,571.421
trimmed_durations,,"1685;1695;1733;1816;1829",,,,,
