kind,run,duration_ms,ops,reads,writes,commits,commit_every,ops_per_sec,redirects,failures,redirect_ratio,failure_ratio
run,1,1032,1000,1000,0,100,10,968.0693534023353,0,0,0,0
run,2,1015,1000,1000,0,100,10,984.8165281490049,0,0,0,0
run,3,970,1000,1000,0,100,10,1030.8303822600888,0,0,0,0
run,4,967,1000,1000,0,100,10,1033.9106758785545,0,0,0,0
run,5,979,1000,1000,0,100,10,1021.3396792463127,0,0,0,0
run,6,986,1000,1000,0,100,10,1013.5803961226252,0,0,0,0
run,7,960,1000,1000,0,100,10,1040.9993763070847,0,0,0,0
trimmed_mean,,983.40,1000,,,,1016.896
trimmed_durations,,"967;970;979;986;1015",,,,,
