kind,run,duration_ms,ops,reads,writes,commits,commit_every,ops_per_sec
run,1,105,1000,1000,0,10,100,9492.141569899979
run,2,139,1000,1000,0,10,100,7164.005543077649
run,3,174,1000,1000,0,10,100,5738.886418330168
run,4,161,1000,1000,0,10,100,6209.11950643262
run,5,159,1000,1000,0,10,100,6253.721980808403
run,6,159,1000,1000,0,10,100,6251.443888180548
run,7,166,1000,1000,0,10,100,6011.185264892166
trimmed_mean,,156.80,1000,,,,6377.895
trimmed_durations,,"139;159;159;161;166",,,,,
