kind,run,duration_ms,ops,reads,writes,commits,commit_every,ops_per_sec
run,1,422,1000,1000,0,50,20,2368.5899542879665
run,2,829,1000,1000,0,50,20,1204.9668724844073
run,3,548,1000,1000,0,50,20,1822.9770565795345
run,4,539,1000,1000,0,50,20,1854.8545900748263
run,5,540,1000,1000,0,50,20,1850.434388269864
run,6,583,1000,1000,0,50,20,1712.378511132605
run,7,524,1000,1000,0,50,20,1906.6020372046582
trimmed_mean,,546.80,1000,,,,1829.449
trimmed_durations,,"524;539;540;548;583",,,,,
