kind,run,duration_ms,ops,reads,writes,commits,commit_every,ops_per_sec,redirects,failures,redirect_ratio,failure_ratio
run,1,993,1000,1000,0,100,10,1006.8903966656397,0,0,0,0
run,2,1030,1000,1000,0,100,10,970.1489739809227,0,0,0,0
run,3,979,1000,1000,0,100,10,1020.8240959598905,0,0,0,0
run,4,1112,1000,1000,0,100,10,898.9452810757875,0,0,0,0
run,5,1050,1000,1000,0,100,10,951.7472980648467,0,0,0,0
run,6,950,1000,1000,0,100,10,1052.1179980677916,0,0,0,0
run,7,986,1000,1000,0,100,10,1013.5225547510332,0,0,0,0
trimmed_mean,,1007.60,1000,,,,992.627
trimmed_durations,,"979;986;993;1030;1050",,,,,
