kind,run,duration_ms,ops,reads,writes,commits,commit_every,ops_per_sec,redirects,failures,redirect_ratio,failure_ratio
run,1,125,1000,1000,0,10,100,7949.331785927007,0,0,0,0
run,2,145,1000,1000,0,10,100,6876.757002818274,0,0,0,0
run,3,156,1000,1000,0,10,100,6395.354864459439,0,0,0,0
run,4,159,1000,1000,0,10,100,6250.81920892495,0,0,0,0
run,5,161,1000,1000,0,10,100,6204.668228571936,0,0,0,0
run,6,181,1000,1000,0,10,100,5498.338289452992,0,0,0,0
run,7,158,1000,1000,0,10,100,6312.930965252763,0,0,0,0
trimmed_mean,,155.80,1000,,,,6408.106
trimmed_durations,,"145;156;158;159;161",,,,,
