kind,run,duration_ms,ops,reads,writes,commits,commit_every,ops_per_sec,redirects,failures,redirect_ratio,failure_ratio
run,1,278,1000,1000,0,25,40,3586.9312884572837,0,0,0,0
run,2,296,1000,1000,0,25,40,3368.3467135741735,0,0,0,0
run,3,315,1000,1000,0,25,40,3168.937898330344,0,0,0,0
run,4,342,1000,1000,0,25,40,2921.4480607215964,0,0,0,0
run,5,319,1000,1000,0,25,40,3127.3692656365592,0,0,0,0
run,6,319,1000,1000,0,25,40,3131.677166324214,0,0,0,0
run,7,287,1000,1000,0,25,40,3477.5781997967297,0,0,0,0
trimmed_mean,,307.20,1000,,,,3254.782
trimmed_durations,,"287;296;315;319;319",,,,,
