kind,run,duration_ms,ops,reads,writes,commits,commit_every,ops_per_sec
run,1,250,1000,1000,0,25,40,3996.979754194379
run,2,336,1000,1000,0,25,40,2974.2819874339025
run,3,285,1000,1000,0,25,40,3498.237142102573
run,4,302,1000,1000,0,25,40,3309.5345914359195
run,5,331,1000,1000,0,25,40,3015.609000262379
run,6,323,1000,1000,0,25,40,3092.6001713529345
run,7,298,1000,1000,0,25,40,3345.7301893368453
trimmed_mean,,307.80,1000,,,,3252.342
trimmed_durations,,"285;298;302;323;331",,,,,
