kind,run,duration_ms,ops,reads,writes,commits,commit_every,ops_per_sec,redirects,failures,redirect_ratio,failure_ratio
run,1,664,1000,1000,0,72,14,1505.2400612694119,0,0,0,0
run,2,730,1000,1000,0,72,14,1368.6293499509316,0,0,0,0
run,3,725,1000,1000,0,72,14,1378.282748539426,0,0,0,0
run,4,788,1000,1000,0,72,14,1268.6284159688155,0,0,0,0
run,5,739,1000,1000,0,72,14,1351.396007684562,0,0,0,0
run,6,736,1000,1000,0,72,14,1357.9229331398249,0,0,0,0
run,7,753,1000,1000,0,72,14,1327.4376394122298,0,0,0,0
trimmed_mean,,736.60,1000,,,,1356.734
trimmed_durations,,"725;730;736;739;753",,,,,
