kind,run,duration_ms,ops,reads,writes,commits,commit_every,ops_per_sec,redirects,failures,redirect_ratio,failure_ratio
run,1,533,1000,1000,0,50,20,1874.317627724311,0,0,0,0
run,2,594,1000,1000,0,50,20,1680.9878284630254,0,0,0,0
run,3,553,1000,1000,0,50,20,1807.8171194557663,0,0,0,0
run,4,561,1000,1000,0,50,20,1779.7228170698554,0,0,0,0
run,5,551,1000,1000,0,50,20,1814.4282280324771,0,0,0,0
run,6,589,1000,1000,0,50,20,1695.512911043428,0,0,0,0
run,7,514,1000,1000,0,50,20,1945.5128806678294,0,0,0,0
trimmed_mean,,557.40,1000,,,,1794.360
trimmed_durations,,"533;551;553;561;589",,,,,
