kind,run,duration_ms,ops,reads,writes,commits,commit_every,ops_per_sec,redirects,failures,redirect_ratio,failure_ratio
run,1,2084,1000,500,500,100,10,479.7960173716885,0,0,0,0
run,2,2024,1000,500,500,100,10,493.88934738200993,0,0,0,0
run,3,2094,1000,500,500,100,10,477.3925834510975,0,0,0,0
run,4,2022,1000,500,500,100,10,494.3862696165897,0,0,0,0
run,5,2055,1000,500,500,100,10,486.4381465510562,0,0,0,0
run,6,2075,1000,500,500,100,10,481.8302144151971,0,0,0,0
run,7,2053,1000,500,500,100,10,487.0478991756767,0,0,0,0
trimmed_mean,,2058.20,1000,,,,485.800
trimmed_durations,,"2024;2053;2055;2075;2084",,,,,
