kind,run,duration_ms,ops,reads,writes,commits,commit_every,ops_per_sec
run,1,2499,1000,0,1000,100,10,400.0728996834887
run,2,2093,1000,0,1000,100,10,477.72457560354405
run,3,2155,1000,0,1000,100,10,463.8559836566542
run,4,2041,1000,0,1000,100,10,489.8140328498415
run,5,2696,1000,0,1000,100,10,370.78518753487566
run,6,2628,1000,0,1000,100,10,380.4379136747531
run,7,2265,1000,0,1000,100,10,441.4069914947758
trimmed_mean,,2328.00,1000,,,,432.700
trimmed_durations,,"2093;2155;2265;2499;2628",,,,,
