kind,run,duration_ms,ops,reads,writes,commits,commit_every,ops_per_sec,redirects,failures,redirect_ratio,failure_ratio
run,1,1906,1000,0,1000,100,10,524.5505020002332,0,0,0,0
run,2,2032,1000,0,1000,100,10,492.06283578444794,0,0,0,0
run,3,2017,1000,0,1000,100,10,495.6980876165068,0,0,0,0
run,4,1899,1000,0,1000,100,10,526.4575622785424,0,0,0,0
run,5,2015,1000,0,1000,100,10,496.26301271902594,0,0,0,0
run,6,1875,1000,0,1000,100,10,533.1104414215656,0,0,0,0
run,7,1965,1000,0,1000,100,10,508.7598875226518,0,0,0,0
trimmed_mean,,1960.40,1000,,,,510.346
trimmed_durations,,"1899;1906;1965;2015;2017",,,,,
