kind,run,duration_ms,ops,reads,writes,commits,commit_every,ops_per_sec,redirects,failures,redirect_ratio,failure_ratio
run,1,2546,1000,0,1000,100,10,392.6913873316859,0,0,0,0
run,2,2372,1000,0,1000,100,10,421.5506042491396,0,0,0,0
run,3,2306,1000,0,1000,100,10,433.5740583331197,0,0,0,0
run,4,2524,1000,0,1000,100,10,396.045511704633,0,0,0,0
run,5,2499,1000,0,1000,100,10,400.00938774031897,0,0,0,0
run,6,2647,1000,0,1000,100,10,377.7784380589318,0,0,0,0
run,7,2493,1000,0,1000,100,10,401.02120466830837,0,0,0,0
trimmed_mean,,2486.80,1000,,,,402.264
trimmed_durations,,"2372;2493;2499;2524;2546",,,,,
