kind,run,duration_ms,ops,reads,writes,commits,commit_every,ops_per_sec,redirects,failures,redirect_ratio,failure_ratio
run,1,3210,1000,0,1000,100,10,311.4991634090331,0,0,0,0
run,2,3200,1000,0,1000,100,10,312.42563166713313,0,0,0,0
run,3,3281,1000,0,1000,100,10,304.7695166389113,0,0,0,0
run,4,3426,1000,0,1000,100,10,291.866809369456,0,0,0,0
run,5,3277,1000,0,1000,100,10,305.0766173840509,0,0,0,0
run,6,3302,1000,0,1000,100,10,302.797402829402,0,0,0,0
run,7,3267,1000,0,1000,100,10,306.0560178032663,0,0,0,0
trimmed_mean,,3267.40,1000,,,,306.040
trimmed_durations,,"3210;3267;3277;3281;3302",,,,,
