kind,run,duration_ms,ops,reads,writes,commits,commit_every,ops_per_sec
run,1,2078,1000,0,1000,100,10,481.10122530949417
run,2,1951,1000,0,1000,100,10,512.3611920473141
run,3,1934,1000,0,1000,100,10,516.9600957070145
run,4,1974,1000,0,1000,100,10,506.4304633525816
run,5,1934,1000,0,1000,100,10,516.8599773720459
run,6,1966,1000,0,1000,100,10,508.4268982371951
run,7,1876,1000,0,1000,100,10,532.941507062983
trimmed_mean,,1951.80,1000,,,,512.208
trimmed_durations,,"1934;1934;1951;1966;1974",,,,,
