kind,run,duration_ms,ops,reads,writes,commits,commit_every,ops_per_sec,redirects,failures,redirect_ratio,failure_ratio
run,1,888,1000,1000,0,100,10,1125.072815978357,0,0,0,0
run,2,1021,1000,1000,0,100,10,978.4911921399103,0,0,0,0
run,3,1025,1000,1000,0,100,10,975.1620587207135,0,0,0,0
run,4,1094,1000,1000,0,100,10,913.7304510465261,0,0,0,0
run,5,990,1000,1000,0,100,10,1009.2573606592644,0,0,0,0
run,6,1025,1000,1000,0,100,10,974.7068988856598,0,0,0,0
run,7,1026,1000,1000,0,100,10,974.5953041242093,0,0,0,0
trimmed_mean,,1017.40,1000,,,,982.443
trimmed_durations,,"990;1021;1025;1025;1026",,,,,
