kind,run,duration_ms,ops,reads,writes,commits,commit_every,ops_per_sec
run,1,3183,1000,0,1000,100,10,314.09381971652925
run,2,3261,1000,0,1000,100,10,306.6268956537844
run,3,3277,1000,0,1000,100,10,305.12948440625763
run,4,3103,1000,0,1000,100,10,322.17937438799913
run,5,3242,1000,0,1000,100,10,308.4004109778418
run,6,3299,1000,0,1000,100,10,303.1140129250198
run,7,3058,1000,0,1000,100,10,326.95639071093035
trimmed_mean,,3213.20,1000,,,,311.286
trimmed_durations,,"3103;3183;3242;3261;3277",,,,,
