kind,run,duration_ms,ops,reads,writes,commits,commit_every,ops_per_sec,redirects,failures,redirect_ratio,failure_ratio
run,1,1085,1000,1000,0,100,10,921.1056283608599,0,0,0,0
run,2,1139,1000,1000,0,100,10,877.3889472775148,0,0,0,0
run,3,1186,1000,1000,0,100,10,842.9452575746815,0,0,0,0
run,4,1115,1000,1000,0,100,10,896.5256023496875,0,0,0,0
run,5,1161,1000,1000,0,100,10,860.8372787966381,0,0,0,0
run,6,1200,1000,1000,0,100,10,832.6785059355818,0,0,0,0
run,7,1209,1000,1000,0,100,10,826.9724418661486,0,0,0,0
trimmed_mean,,1160.20,1000,,,,862.075
trimmed_durations,,"1115;1139;1161;1186;1200",,,,,
