kind,run,duration_ms,ops,reads,writes,commits,commit_every,ops_per_sec,redirects,failures,redirect_ratio,failure_ratio
run,1,2051,1000,500,500,100,10,487.49378804946906,0,0,0,0
run,2,1831,1000,500,500,100,10,546.1152767246195,0,0,0,0
run,3,1955,1000,500,500,100,10,511.3555233014991,0,0,0,0
run,4,1887,1000,500,500,100,10,529.7125786328659,0,0,0,0
run,5,1910,1000,500,500,100,10,523.3462586234766,0,0,0,0
run,6,1968,1000,500,500,100,10,507.9965045492037,0,0,0,0
run,7,1796,1000,500,500,100,10,556.6230903018084,0,0,0,0
trimmed_mean,,1910.20,1000,,,,523.705
trimmed_durations,,"1831;1887;1910;1955;1968",,,,,
