kind,run,duration_ms,ops,reads,writes,commits,commit_every,ops_per_sec
run,1,2155,1000,500,500,100,10,463.9677555920605
run,2,2187,1000,500,500,100,10,457.2359096147393
run,3,2305,1000,500,500,100,10,433.68758074080955
run,4,2368,1000,500,500,100,10,422.2915351934993
run,5,2223,1000,500,500,100,10,449.68607143293195
run,6,2358,1000,500,500,100,10,423.99751785408284
run,7,2439,1000,500,500,100,10,409.9050900630655
trimmed_mean,,2288.20,1000,,,,437.380
trimmed_durations,,"2187;2223;2305;2358;2368",,,,,
