kind,run,duration_ms,ops,reads,writes,commits,commit_every,ops_per_sec
run,1,1785,1000,1000,0,100,10,560.0268045853489
run,2,2012,1000,1000,0,100,10,496.820097254094
run,3,2021,1000,1000,0,100,10,494.69489932011453
run,4,2023,1000,1000,0,100,10,494.3127171630077
run,5,2017,1000,1000,0,100,10,495.6839357275946
run,6,2008,1000,1000,0,100,10,497.80869912308657
run,7,2048,1000,1000,0,100,10,488.15328781395374
trimmed_mean,,2016.20,1000,,,,495.864
trimmed_durations,,"2008;2012;2017;2021;2023",,,,,
