kind,run,duration_ms,ops,reads,writes,commits,commit_every,ops_per_sec,redirects,failures,redirect_ratio,failure_ratio
run,1,2559,1000,0,1000,100,10,390.67714456361284,0,0,0,0
run,2,2186,1000,0,1000,100,10,457.3319598837478,0,0,0,0
run,3,2526,1000,0,1000,100,10,395.8399844429186,0,0,0,0
run,4,2259,1000,0,1000,100,10,442.6350734478364,0,0,0,0
run,5,2180,1000,0,1000,100,10,458.64206359469125,0,0,0,0
run,6,2195,1000,0,1000,100,10,455.4171100596265,0,0,0,0
run,7,2253,1000,0,1000,100,10,443.8046568346307,0,0,0,0
trimmed_mean,,2283.80,1000,,,,439.006
trimmed_durations,,"2186;2195;2253;2259;2526",,,,,
