kind,run,duration_ms,ops,reads,writes,commits,commit_every,ops_per_sec,redirects,failures,redirect_ratio,failure_ratio
run,1,1011,1000,1000,0,100,10,988.6819711874089,0,0,0,0
run,2,1031,1000,1000,0,100,10,969.3788423559988,0,0,0,0
run,3,1133,1000,1000,0,100,10,882.1826080611788,0,0,0,0
run,4,1124,1000,1000,0,100,10,889.1616915995311,0,0,0,0
run,5,1067,1000,1000,0,100,10,936.3820543431779,0,0,0,0
run,6,1098,1000,1000,0,100,10,910.4310976008275,0,0,0,0
run,7,1096,1000,1000,0,100,10,911.5900065749523,0,0,0,0
trimmed_mean,,1083.20,1000,,,,923.389
trimmed_durations,,"1031;1067;1096;1098;1124",,,,,
