kind,run,duration_ms,ops,reads,writes,commits,commit_every,ops_per_sec
run,1,2625,1000,0,1000,100,10,380.8400888376383
run,2,2898,1000,0,1000,100,10,345.0043050258189
run,3,2607,1000,0,1000,100,10,383.50059705482204
run,4,2447,1000,0,1000,100,10,408.6536331529633
run,5,2377,1000,0,1000,100,10,420.6449202059638
run,6,2518,1000,0,1000,100,10,397.0722673686684
run,7,3040,1000,0,1000,100,10,328.84126108153373
trimmed_mean,,2619.00,1000,,,,383.014
trimmed_durations,,"2447;2518;2607;2625;2898",,,,,
