kind,run,duration_ms,ops,reads,writes,commits,commit_every,ops_per_sec
run,1,2288,1000,500,500,100,10,436.9839594698636
run,2,2040,1000,500,500,100,10,490.18925927402506
run,3,2115,1000,500,500,100,10,472.67061895971295
run,4,2031,1000,500,500,100,10,492.20281875911223
run,5,2032,1000,500,500,100,10,492.0752038829339
run,6,1880,1000,500,500,100,10,531.9060993418692
run,7,2045,1000,500,500,100,10,488.9758184231172
trimmed_mean,,2052.60,1000,,,,487.223
trimmed_durations,,"2031;2032;2040;2045;2115",,,,,
