kind,run,duration_ms,ops,reads,writes,commits,commit_every,ops_per_sec
run,1,1057,1000,1000,0,100,10,945.5932829697933
run,2,1135,1000,1000,0,100,10,880.5208003698448
run,3,1038,1000,1000,0,100,10,962.4826403502917
run,4,1061,1000,1000,0,100,10,941.820410709817
run,5,965,1000,1000,0,100,10,1035.8032026865155
run,6,1068,1000,1000,0,100,10,935.6181660379098
run,7,1129,1000,1000,0,100,10,885.1681400825885
trimmed_mean,,1070.60,1000,,,,934.137
trimmed_durations,,"1038;1057;1061;1068;1129",,,,,
