kind,run,duration_ms,ops,reads,writes,commits,commit_every,ops_per_sec,redirects,failures,redirect_ratio,failure_ratio
run,1,1427,1000,1000,0,100,10,700.582775087552,0,0,0,0
run,2,1833,1000,1000,0,100,10,545.2794195504941,0,0,0,0
run,3,2067,1000,1000,0,100,10,483.729019801699,0,0,0,0
run,4,1991,1000,1000,0,100,10,502.1699352953787,0,0,0,0
run,5,2043,1000,1000,0,100,10,489.3915657173073,0,0,0,0
run,6,2031,1000,1000,0,100,10,492.3495429277942,0,0,0,0
run,7,2022,1000,1000,0,100,10,494.34049660379503,0,0,0,0
trimmed_mean,,1984.00,1000,,,,504.706
trimmed_durations,,"1833;1991;2022;2031;2043",,,,,
