kind,run,duration_ms,ops,reads,writes,commits,commit_every,ops_per_sec
run,1,1075,1000,1000,0,100,10,929.4628695049896
run,2,1128,1000,1000,0,100,10,886.3299652522845
run,3,1082,1000,1000,0,100,10,923.8738669081978
run,4,985,1000,1000,0,100,10,1014.3872995366678
run,5,1044,1000,1000,0,100,10,957.7169012840191
run,6,1053,1000,1000,0,100,10,949.5842395916051
run,7,1062,1000,1000,0,100,10,941.0983040702738
trimmed_mean,,1063.20,1000,,,,940.347
trimmed_durations,,"1044;1053;1062;1075;1082",,,,,
