kind,run,duration_ms,ops,reads,writes,commits,commit_every,ops_per_sec
run,1,2665,1000,500,500,100,10,375.18933667242635
run,2,3169,1000,500,500,100,10,315.50564162074096
run,3,3205,1000,500,500,100,10,312.0101663670313
run,4,2642,1000,500,500,100,10,378.38564910975924
run,5,2844,1000,500,500,100,10,351.5144760236305
run,6,3108,1000,500,500,100,10,321.6973043163673
run,7,3040,1000,500,500,100,10,328.87099127058616
trimmed_mean,,2965.20,1000,,,,338.556
trimmed_durations,,"2665;2844;3040;3108;3169",,,,,
