kind,run,duration_ms,ops,reads,writes,commits,commit_every,ops_per_sec,redirects,failures,redirect_ratio,failure_ratio
run,1,3142,1000,500,500,100,10,318.1816110311266,0,0,0,0
run,2,2936,1000,500,500,100,10,340.5798322600732,0,0,0,0
run,3,3301,1000,500,500,100,10,302.8731967374711,0,0,0,0
run,4,2980,1000,500,500,100,10,335.51888973664296,0,0,0,0
run,5,3204,1000,500,500,100,10,312.0379740503798,0,0,0,0
run,6,3151,1000,500,500,100,10,317.2738132363815,0,0,0,0
run,7,2991,1000,500,500,100,10,334.24948375986145,0,0,0,0
trimmed_mean,,3093.60,1000,,,,323.452
trimmed_durations,,"2980;2991;3142;3151;3204",,,,,
