kind,run,duration_ms,ops,reads,writes,commits,commit_every,ops_per_sec
run,1,1399,1000,1000,0,100,10,714.5081243332049
run,2,1456,1000,1000,0,100,10,686.4413190150342
run,3,1448,1000,1000,0,100,10,690.5348833764336
run,4,1417,1000,1000,0,100,10,705.4792391160335
run,5,1404,1000,1000,0,100,10,712.0499811009119
run,6,1363,1000,1000,0,100,10,733.3694477695497
run,7,1303,1000,1000,0,100,10,767.0541415861472
trimmed_mean,,1406.20,1000,,,,711.188
trimmed_durations,,"1363;1399;1404;1417;1448",,,,,
