kind,run,duration_ms,ops,reads,writes,commits,commit_every,ops_per_sec
run,1,1087,1000,1000,0,100,10,919.404206251994
run,2,1216,1000,1000,0,100,10,822.2142896814697
run,3,1237,1000,1000,0,100,10,807.8995121660375
run,4,1197,1000,1000,0,100,10,835.2044690494902
run,5,1135,1000,1000,0,100,10,880.7346785010739
run,6,1154,1000,1000,0,100,10,866.4934754167742
run,7,1247,1000,1000,0,100,10,801.655246851187
trimmed_mean,,1187.80,1000,,,,842.509
trimmed_durations,,"1135;1154;1197;1216;1237",,,,,
