kind,run,duration_ms,ops,reads,writes,commits,commit_every,ops_per_sec
run,1,1682,1000,500,500,100,10,594.3550195316471
run,2,1912,1000,500,500,100,10,522.9766947542894
run,3,1825,1000,500,500,100,10,547.8535902500561
run,4,1898,1000,500,500,100,10,526.8149130540111
run,5,1776,1000,500,500,100,10,562.9668794109497
run,6,1904,1000,500,500,100,10,525.0925148818662
run,7,2017,1000,500,500,100,10,495.56543542669414
trimmed_mean,,1863.00,1000,,,,537.141
trimmed_durations,,"1776;1825;1898;1904;1912",,,,,
