kind,run,duration_ms,ops,reads,writes,commits,commit_every,ops_per_sec,redirects,failures,redirect_ratio,failure_ratio
run,1,1873,1000,0,1000,100,10,533.731564544153,0,0,0,0
run,2,1903,1000,0,1000,100,10,525.3164470949769,0,0,0,0
run,3,2002,1000,0,1000,100,10,499.39491688836324,0,0,0,0
run,4,1940,1000,0,1000,100,10,515.3509207265733,0,0,0,0
run,5,2089,1000,0,1000,100,10,478.52684294028546,0,0,0,0
run,6,1951,1000,0,1000,100,10,512.4662582991143,0,0,0,0
run,7,2295,1000,0,1000,100,10,435.66670145029616,0,0,0,0
trimmed_mean,,1977.00,1000,,,,506.211
trimmed_durations,,"1903;1940;1951;2002;2089",,,,,
