kind,run,duration_ms,ops,reads,writes,commits,commit_every,ops_per_sec
run,1,1737,1000,500,500,100,10,575.6810066249393
run,2,1713,1000,500,500,100,10,583.5576998409172
run,3,1885,1000,500,500,100,10,530.3174378627257
run,4,2193,1000,500,500,100,10,455.8762937954988
run,5,1763,1000,500,500,100,10,567.1254104791337
run,6,1774,1000,500,500,100,10,563.4603546443362
run,7,1729,1000,500,500,100,10,578.3080884281808
trimmed_mean,,1777.60,1000,,,,562.978
trimmed_durations,,"1729;1737;1763;1774;1885",,,,,
