kind,run,duration_ms,ops,reads,writes,commits,commit_every,ops_per_sec,redirects,failures,redirect_ratio,failure_ratio
run,1,2460,1000,500,500,100,10,406.46582156374154,0,0,0,0
run,2,2235,1000,500,500,100,10,447.2946198769305,0,0,0,0
run,3,2411,1000,500,500,100,10,414.59847173057983,0,0,0,0
run,4,2484,1000,500,500,100,10,402.472240635316,0,0,0,0
run,5,2143,1000,500,500,100,10,466.5824168750274,0,0,0,0
run,6,2350,1000,500,500,100,10,425.38276881634016,0,0,0,0
run,7,2314,1000,500,500,100,10,432.0115952257768,0,0,0,0
trimmed_mean,,2354.00,1000,,,,425.151
trimmed_durations,,"2235;2314;2350;2411;2460",,,,,
