kind,run,duration_ms,ops,reads,writes,commits,commit_every,ops_per_sec
run,1,1944,1000,0,1000,100,10,514.2644053433606
run,2,2091,1000,0,1000,100,10,478.10368892399583
run,3,1945,1000,0,1000,100,10,513.9993096115473
run,4,2085,1000,0,1000,100,10,479.5685989641919
run,5,1993,1000,0,1000,100,10,501.73999995063883
run,6,1997,1000,0,1000,100,10,500.694271438927
run,7,1935,1000,0,1000,100,10,516.7838690363756
trimmed_mean,,1992.80,1000,,,,502.053
trimmed_durations,,"1944;1945;1993;1997;2085",,,,,
