kind,run,duration_ms,ops,reads,writes,commits,commit_every,ops_per_sec,redirects,failures,redirect_ratio,failure_ratio
run,1,1788,1000,500,500,100,10,559.2142395719211,0,0,0,0
run,2,1837,1000,500,500,100,10,544.1907500029025,0,0,0,0
run,3,1788,1000,500,500,100,10,559.1647612367896,0,0,0,0
run,4,1820,1000,500,500,100,10,549.3034695229884,0,0,0,0
run,5,1860,1000,500,500,100,10,537.4671626912414,0,0,0,0
run,6,1764,1000,500,500,100,10,566.8717720411651,0,0,0,0
run,7,1734,1000,500,500,100,10,576.43519503294,0,0,0,0
trimmed_mean,,1799.40,1000,,,,555.749
trimmed_durations,,"1764;1788;1788;1820;1837",,,,,
