kind,run,duration_ms,ops,reads,writes,commits,commit_every,ops_per_sec
run,1,1980,1000,0,1000,100,10,505.0264685963025
run,2,2069,1000,0,1000,100,10,483.2018566207965
run,3,2028,1000,0,1000,100,10,493.0330323104213
run,4,1997,1000,0,1000,100,10,500.6963469493943
run,5,1939,1000,0,1000,100,10,515.5185946502854
run,6,1927,1000,0,1000,100,10,518.7907573886342
run,7,1859,1000,0,1000,100,10,537.6475887726372
trimmed_mean,,1974.20,1000,,,,506.613
trimmed_durations,,"1927;1939;1980;1997;2028",,,,,
