kind,run,duration_ms,ops,reads,writes,commits,commit_every,ops_per_sec,redirects,failures,redirect_ratio,failure_ratio
run,1,1298,1000,0,1000,72,14,769.9532845088759,0,0,0,0
run,2,1418,1000,0,1000,72,14,704.9059914671807,0,0,0,0
run,3,1379,1000,0,1000,72,14,725.0195368658286,0,0,0,0
run,4,1429,1000,0,1000,72,14,699.6711384724817,0,0,0,0
run,5,1708,1000,0,1000,72,14,585.2454390383232,0,0,0,0
run,6,1443,1000,0,1000,72,14,692.7163149514222,0,0,0,0
run,7,1507,1000,0,1000,72,14,663.2136848514511,0,0,0,0
trimmed_mean,,1435.20,1000,,,,697.105
trimmed_durations,,"1379;1418;1429;1443;1507",,,,,
