kind,run,duration_ms,ops,reads,writes,commits,commit_every,ops_per_sec,redirects,failures,redirect_ratio,failure_ratio
run,1,585,1000,0,1000,25,40,1709.0717212494724,0,0,0,0
run,2,844,1000,0,1000,25,40,1183.881183032577,0,0,0,0
run,3,619,1000,0,1000,25,40,1613.1838157140105,0,0,0,0
run,4,590,1000,0,1000,25,40,1692.697596605375,0,0,0,0
run,5,588,1000,0,1000,25,40,1700.2991130493397,0,0,0,0
run,6,894,1000,0,1000,25,40,1117.5843384126915,0,0,0,0
run,7,624,1000,0,1000,25,40,1600.931145099317,0,0,0,0
trimmed_mean,,653.00,1000,,,,1558.199
trimmed_durations,,"588;590;619;624;844",,,,,
