kind,run,duration_ms,ops,reads,writes,commits,commit_every,ops_per_sec
run,1,1085,1000,0,1000,50,20,921.1840949732253
run,2,961,1000,0,1000,50,20,1040.52817709723
run,3,1089,1000,0,1000,50,20,917.8670169722046
run,4,1068,1000,0,1000,50,20,935.7669625097038
run,5,843,1000,0,1000,50,20,1185.9125153452187
run,6,1313,1000,0,1000,50,20,761.2496777021115
run,7,983,1000,0,1000,50,20,1016.7858729308196
trimmed_mean,,1037.20,1000,,,,966.426
trimmed_durations,,"961;983;1068;1085;1089",,,,,
