kind,run,duration_ms,ops,reads,writes,commits,commit_every,ops_per_sec,redirects,failures,redirect_ratio,failure_ratio
run,1,923,1000,0,1000,50,20,1082.888373778622,0,0,0,0
run,2,1034,1000,0,1000,50,20,966.4274965106144,0,0,0,0
run,3,981,1000,0,1000,50,20,1019.0229097606932,0,0,0,0
run,4,1367,1000,0,1000,50,20,731.3824599962301,0,0,0,0
run,5,1037,1000,0,1000,50,20,963.4567001228033,0,0,0,0
run,6,1363,1000,0,1000,50,20,733.2148927324208,0,0,0,0
run,7,980,1000,0,1000,50,20,1019.4360488137338,0,0,0,0
trimmed_mean,,1079.00,1000,,,,940.312
trimmed_durations,,"980;981;1034;1037;1363",,,,,
