kind,run,duration_ms,ops,reads,writes,commits,commit_every,ops_per_sec,redirects,failures,redirect_ratio,failure_ratio
run,1,1824,1000,0,1000,100,10,548.172164675148,0,0,0,0
run,2,1975,1000,0,1000,100,10,506.1927104947287,0,0,0,0
run,3,1921,1000,0,1000,100,10,520.2948436164435,0,0,0,0
run,4,1851,1000,0,1000,100,10,540.0242470022865,0,0,0,0
run,5,1852,1000,0,1000,100,10,539.7787146607773,0,0,0,0
run,6,1987,1000,0,1000,100,10,503.2110262931817,0,0,0,0
run,7,1934,1000,0,1000,100,10,516.8582350632106,0,0,0,0
trimmed_mean,,1906.60,1000,,,,524.630
trimmed_durations,,"1851;1852;1921;1934;1975",,,,,
