kind,run,duration_ms,ops,reads,writes,commits,commit_every,ops_per_sec,redirects,failures,redirect_ratio,failure_ratio
run,1,185,1000,0,1000,10,100,5377.564677556759,0,0,0,0
run,2,239,1000,0,1000,10,100,4179.02080987292,0,0,0,0
run,3,304,1000,0,1000,10,100,3278.7895865603386,0,0,0,0
run,4,260,1000,0,1000,10,100,3838.434915933228,0,0,0,0
run,5,259,1000,0,1000,10,100,3851.613018749348,0,0,0,0
run,6,247,1000,0,1000,10,100,4046.126358389818,0,0,0,0
run,7,490,1000,0,1000,10,100,2040.72750074258,0,0,0,0
trimmed_mean,,261.80,1000,,,,3838.797
trimmed_durations,,"239;247;259;260;304",,,,,
