kind,run,duration_ms,ops,reads,writes,commits,commit_every,ops_per_sec
run,1,1795,1000,0,1000,72,14,557.0379930297669
run,2,1540,1000,0,1000,72,14,649.1075370815939
run,3,1372,1000,0,1000,72,14,728.37008010038
run,4,1733,1000,0,1000,72,14,576.9983653342041
run,5,1424,1000,0,1000,72,14,702.1195339451017
run,6,1422,1000,0,1000,72,14,703.0769452400717
run,7,1361,1000,0,1000,72,14,734.3533181723839
trimmed_mean,,1498.20,1000,,,,671.934
trimmed_durations,,"1372;1422;1424;1540;1733",,,,,
