kind,run,duration_ms,ops,reads,writes,commits,commit_every,ops_per_sec
run,1,607,1000,0,1000,10,100,1644.8508616519987
run,2,284,1000,0,1000,10,100,3517.4470403148885
run,3,292,1000,0,1000,10,100,3421.685413767394
run,4,281,1000,0,1000,10,100,3548.4708395413386
run,5,276,1000,0,1000,10,100,3614.0814704604604
run,6,254,1000,0,1000,10,100,3923.0094180432475
run,7,265,1000,0,1000,10,100,3762.171244734973
trimmed_mean,,279.60,1000,,,,3572.771
trimmed_durations,,"265;276;281;284;292",,,,,
