kind,run,duration_ms,ops,reads,writes,commits,commit_every,ops_per_sec
run,1,813,1000,0,1000,25,40,1228.5708933006415
run,2,545,1000,0,1000,25,40,1834.729019037031
run,3,871,1000,0,1000,25,40,1147.4765845870775
run,4,500,1000,0,1000,25,40,1998.9850912813351
run,5,871,1000,0,1000,25,40,1147.3717069681916
run,6,944,1000,0,1000,25,40,1058.651448856981
run,7,630,1000,0,1000,25,40,1586.5934553848167
trimmed_mean,,746.00,1000,,,,1388.948
trimmed_durations,,"545;630;813;871;871",,,,,
